profile,id,filename,url,referrer,time_utc,bytes_received,bytes_total,host,reasons
Default,2,Zac Bedrock world!! (imported).mcworld,https://drive.usercontent.google.com/download?id=1dWwTxWsZ9APwaXrMZMgqBXoWeNuK5kd_&export=download&authuser=0,,2025-05-29T01:54:00.547811+00:00,142490379,142490379,drive.usercontent.google.com,
Default,3,zjdavis-fall_semester_2025.ics,https://my.illinoisstate.edu/class-schedule/week-schedule/2262,https://my.illinoisstate.edu/class-schedule/week-schedule/2262,2025-08-18T03:59:58.975090+00:00,2068,2068,my.illinoisstate.edu,
Default,4,"Stewart J., Clegg D., Watson S. Calculus. Early Transcendentals 9ed 2020.pdf",https://ia800101.us.archive.org/11/items/stewart-j.-clegg-d.-watson-s.-calculus.-early-transcendentals-9ed-2020/Stewart%20J.%2C%20Clegg%20D.%2C%20Watson%20S.%20Calculus.%20Early%20Transcendentals%209ed%202020.pdf,https://ia800101.us.archive.org/11/items/stewart-j.-clegg-d.-watson-s.-calculus.-early-transcendentals-9ed-2020/Stewart%20J.%2C%20Clegg%20D.%2C%20Watson%20S.%20Calculus.%20Early%20Transcendentals%209ed%202020.pdf,2025-08-20T02:36:50.193885+00:00,44181534,44181534,ia800101.us.archive.org,
Default,5,8_25 math notes.pdf,https://docs.google.com/document/d/13vtV0hZymf56EJAuNca7sAci6DeFqnk3kt1VDxPLsoo/edit?tab=t.0,https://docs.google.com/,2025-08-26T23:01:48.061945+00:00,819655,819655,docs.google.com,
Default,6,IT360 Project Proposal.rtf,https://docs.google.com/document/d/1tGPBDT46jWbhoOvxhnEJs1ZMfBuC2LcNdT9nNnSp5q4/edit?tab=t.0#heading=h.8i1uuimnvw9g,https://docs.google.com/,2025-08-29T04:12:47.608104+00:00,65622,65622,docs.google.com,
Default,7,IT360 Project Proposal.pdf,https://docs.google.com/document/d/1tGPBDT46jWbhoOvxhnEJs1ZMfBuC2LcNdT9nNnSp5q4/edit?tab=t.0#heading=h.8i1uuimnvw9g,https://docs.google.com/,2025-08-29T04:12:54.372447+00:00,54701,54701,docs.google.com,
Default,8,Outline5 - Zac Davis.pdf,https://docs.google.com/document/d/1VdHxfwkOBNOIrWVTNZmGPNtWZndk0da3VJPS2_TCbmY/edit?tab=t.0,https://docs.google.com/,2025-08-29T04:25:52.535420+00:00,1029706,1029706,docs.google.com,
Default,9,8_25 math notes (1).pdf,https://canvas.illinoisstate.edu/courses/40105/assignments/627229/submissions/34840,https://canvas.illinoisstate.edu/courses/40105/assignments/627229/submissions/34840?preview=1&rand=231672,2025-08-29T04:26:36.532500+00:00,819655,819655,canvas.illinoisstate.edu,
Default,10,AutoClicker-1.0.5.exe,https://github.com/zSynctic/AutoClicker/releases/tag/v1.0.5,https://github.com/zSynctic/AutoClicker/releases/tag/v1.0.5,2025-09-02T21:53:02.136119+00:00,17997149,17997149,github.com,executable
Default,11,Zac Davis 12.1-12.4.pdf,https://canvas.illinoisstate.edu/courses/40105/assignments/627181/submissions/34840,https://canvas.illinoisstate.edu/courses/40105/assignments/627181/submissions/34840?preview=1&rand=368789,2025-09-03T04:12:34.380817+00:00,44084153,44084153,canvas.illinoisstate.edu,
Default,12,Zac Davis 12.1-12.4 (1).pdf,https://canvas.illinoisstate.edu/courses/40105/assignments/627181/submissions/34840,https://canvas.illinoisstate.edu/courses/40105/assignments/627181/submissions/34840?preview=1&rand=368789,2025-09-03T04:12:35.470202+00:00,44084153,44084153,canvas.illinoisstate.edu,
Default,15,Outline 2_ Zac Davis 9_5.pdf,https://docs.google.com/document/d/1iq5eIIj_pgjzyECii90kr_IqtIRfrz9IMQLZ6hUHrAI/edit?tab=t.0,https://docs.google.com/,2025-09-08T02:55:45.405872+00:00,1729302,1729302,docs.google.com,
Default,16,Outline 2_ Zac Davis 9_5 (1).pdf,https://canvas.illinoisstate.edu/courses/40105/assignments/627238?confetti=true,https://canvas.illinoisstate.edu/courses/40105/assignments/627238?confetti=true,2025-09-08T02:56:05.620874+00:00,1729302,1729302,canvas.illinoisstate.edu,
Default,17,Outline 8_ Zac Davis 9_5.pdf,https://docs.google.com/document/d/1iq5eIIj_pgjzyECii90kr_IqtIRfrz9IMQLZ6hUHrAI/edit?tab=t.0#heading=h.hrcahfcvhuv2,https://docs.google.com/,2025-09-08T02:56:24.112708+00:00,1729829,1729829,docs.google.com,
Default,18,Outline 9 - Zac Davis.pdf,https://docs.google.com/document/d/18BlFDPrxeHoHgm8azPt3v4I4K47NWonrgTTUJVVndzk/edit?tab=t.0,https://docs.google.com/,2025-09-09T22:23:36.454865+00:00,949759,949759,docs.google.com,
Default,19,Outline 10 - Zac Davis.pdf,https://docs.google.com/document/d/1Z1e_72vzfH36v-iZ7Gpiojjvd9BHNB28rp8yV0sbMJE/edit?tab=t.0,https://docs.google.com/,2025-09-12T04:41:49.765221+00:00,938997,938997,docs.google.com,
Default,20,Outline 11 - Zac Davis.pdf,https://docs.google.com/document/d/12IqvaBwk_ANG-URoD6X7gv2syjqkanfgnTCuCqW7NRk/edit?tab=t.0,https://docs.google.com/,2025-09-15T02:13:12.533996+00:00,1577510,1577510,docs.google.com,
Default,21,Outline 12 - Zac Davis.pdf,https://docs.google.com/document/d/1RtPyhFw8RkAuuAZx1ZZlWvfaGW0vHRNlyH7Pxoc1pBY/edit?tab=t.0#heading=h.7dav12bbviw4,https://docs.google.com/,2025-09-16T23:11:10.950736+00:00,1916338,1916338,docs.google.com,
Default,22,Homework 4 - Zac Davis.pdf,https://canvas.illinoisstate.edu/courses/40105/assignments/627190/submissions/34840,https://canvas.illinoisstate.edu/courses/40105/assignments/627190/submissions/34840?preview=1&rand=760740,2025-09-18T04:52:04.381383+00:00,11351718,11351718,canvas.illinoisstate.edu,
Default,24,Outline 14 - Zac Davis.pdf,https://docs.google.com/document/d/1MtTY17dPKLivq0va2kzvLBB_hiJLV8neiLYHTk9Al9o/edit?tab=t.0,https://docs.google.com/,2025-09-22T02:09:50.669989+00:00,1058282,1058282,docs.google.com,
Default,25,Outline 15 - Zac Davis.pdf,https://docs.google.com/document/d/1B9BcG3JKeXYbzJ2g2hxLDwKuqRqQYX-5hJ5UHkOUMAY/edit?tab=t.0,https://docs.google.com/,2025-09-23T23:00:38.874338+00:00,3312494,3312494,docs.google.com,
Default,26,Outline 16 - Zac Davis.pdf,https://docs.google.com/document/d/1aawR1Rxitjy47elq_A5ramHc7-We9k5NsoZQwWUX9Y4/edit?tab=t.0,https://docs.google.com/,2025-09-26T00:40:12.584948+00:00,2273415,2273415,docs.google.com,
Default,27,First Exam - Zac Davis.pdf,https://docs.google.com/document/d/1W0opm03YURByecocmBZMpDo7Q4wiDJtUa9MpJqd2SZc/edit?tab=t.0,https://docs.google.com/,2025-09-29T04:14:26.650543+00:00,88402,88402,docs.google.com,
Default,28,First Exam - Zac Davis (1).pdf,https://docs.google.com/document/d/1W0opm03YURByecocmBZMpDo7Q4wiDJtUa9MpJqd2SZc/edit?tab=t.0,https://docs.google.com/,2025-09-29T04:17:44.905617+00:00,88898,88898,docs.google.com,
Default,29,First Exam - Zac Davis.docx,https://docs.google.com/document/d/1W0opm03YURByecocmBZMpDo7Q4wiDJtUa9MpJqd2SZc/edit?tab=t.0,https://docs.google.com/,2025-09-29T04:47:35.780681+00:00,9883,9883,docs.google.com,
Default,30,Outline 17 - Zac Davis.pdf,https://docs.google.com/document/d/1h4M7nvTRyddv1TfqDmQPaUaERktDLckaauYR_sa9H-E/edit?tab=t.0,https://docs.google.com/,2025-09-29T04:55:22.913581+00:00,2487354,2487354,docs.google.com,
Default,31,Outline 18 - Zac Davis.pdf,https://docs.google.com/document/d/1ysF8IFa2VWvSn7tnuTGGR8_mBoptgr4HKyaHGq9YRbQ/edit?tab=t.0,https://docs.google.com/,2025-09-30T23:20:38.200104+00:00,1707050,1707050,docs.google.com,
Default,32,Outline 19 - Zac Davis.pdf,https://docs.google.com/document/d/1urkLDrFiDg92MKCRsIog3eOICeXaWt1QrDv0faXt6bc/edit?tab=t.0#heading=h.wjov69w3e04t,https://docs.google.com/,2025-10-02T21:07:01.835282+00:00,1745251,1745251,docs.google.com,
Default,33,Exam 2 - Zac Davis.pdf,https://docs.google.com/document/d/1MRoNlPIO83eUCB6IrBlMJhiTGoDVYqgUL_QCL6to770/edit?tab=t.0#heading=h.1eerxr2y0awc,https://docs.google.com/,2025-10-03T16:50:07.335752+00:00,2218389,2218389,docs.google.com,
Default,35,chromeremotedesktophost.msi,,,2025-10-05T05:21:57.657064+00:00,22261760,22261760,,executable
Default,36,Outline 26 - Zac Davis.pdf,https://docs.google.com/document/d/1QPeXfpiHd6dXwx0Ng_wNdfeiuOT9RFnbRM8QbTclROc/edit?tab=t.0,https://docs.google.com/,2025-10-08T04:47:15.456581+00:00,1978734,1978734,docs.google.com,
Default,37,Outline 21 - Zac Davis.pdf,https://docs.google.com/document/d/1QPeXfpiHd6dXwx0Ng_wNdfeiuOT9RFnbRM8QbTclROc/edit?tab=t.0#heading=h.rxcxekyx93gp,https://docs.google.com/,2025-10-08T04:47:39.991797+00:00,1978290,1978290,docs.google.com,
Default,38,CHE 102 Midterm Study Guide F25.doc,https://mail.google.com/mail/u/0/#inbox/QgrcJHsHnNntpSHBHrcpkZtKPfhcjjdQnLQ,https://mail.google.com/,2025-10-09T04:18:56.245115+00:00,823296,823296,mail.google.com,
Default,39,Midterm Study Guide-Answers F25-1.docx,https://canvas.illinoisstate.edu/courses/36855/pages/midterm-exam-information?module_item_id=1491049,https://canvas.illinoisstate.edu/courses/36855/pages/midterm-exam-information?module_item_id=1491049,2025-10-09T04:21:44.915252+00:00,1197060,1197060,canvas.illinoisstate.edu,
Default,40,Outline 23 - Zac Davis.pdf,https://docs.google.com/document/d/19QMVIwAb4c5aOR9viswoeyAqyaasA7qyl-wFt8aWmVg/edit?tab=t.0#heading=h.3zs4n9fpg0md,https://docs.google.com/,2025-10-13T00:28:24.552320+00:00,1195731,1195731,docs.google.com,
Default,41,CursorSetup-x64-1.7.44.exe,https://cursor.com/home?from=agents,https://cursor.com/,2025-10-14T04:44:56.874653+00:00,120441176,120441176,cursor.com,executable
Default,42,Outline 24 - Zac Davis.pdf,https://docs.google.com/document/d/1f8x4in6rDpgen-VFPdfzvgA-Gc61FAHqWGicJRLDjEo/edit?tab=t.0#heading=h.wklbootn90i8,https://docs.google.com/,2025-10-15T04:45:51.891761+00:00,1314811,1314811,docs.google.com,
Default,43,Outline 25 - Zac Davis.pdf,https://docs.google.com/document/d/1QxmnxBXPFSZrIsFjkqgUitRGMwUKBDaVuTbX6vZ9_-w/edit?tab=t.0#heading=h.5qrg74c4q56j,https://docs.google.com/,2025-10-17T04:45:46.469366+00:00,806059,806059,docs.google.com,
Default,45,Outline 26 - Zac Davis.pdf,https://docs.google.com/document/d/1kK8ONw51_6sLTevGr9MSU4unQhMIBH38yvgi9U-I3uY/edit?tab=t.0,https://docs.google.com/,2025-10-20T02:11:33.252201+00:00,1292091,1292091,docs.google.com,
Default,46,Outline 27 - Zac Davis.pdf,https://docs.google.com/document/d/1VOYsV5Db55OQD6xNS3E1rVkhjTw8LAyGYbsYNVaj7TI/edit?tab=t.0,https://docs.google.com/,2025-10-22T04:17:49.235826+00:00,1177379,1177379,docs.google.com,
Default,47,Outline 28 - Zac Davis.pdf,https://docs.google.com/document/d/1CPfPUajISkg3Ft9CCyWF3Dpd4Hn-ZE5q7a7qOQ7mn6o/edit?tab=t.0,https://docs.google.com/,2025-10-24T04:10:48.841409+00:00,1527780,1527780,docs.google.com,
Default,48,Outline 29 - Zac Davis.pdf,https://docs.google.com/document/d/11hx4tegcHGBTRRz9KtRRdn_lfbvOuyHSCOb6bkZjJXs/edit?tab=t.0#heading=h.a9kt7wjhrq5c,https://docs.google.com/,2025-10-27T01:48:18.921792+00:00,1412476,1412476,docs.google.com,
Default,49,,"file:///C:/Users/Zac/Downloads/Stewart%20J.,%20Clegg%20D.,%20Watson%20S.%20Calculus.%20Early%20Transcendentals%209ed%202020.pdf",,2025-10-28T23:39:54.763855+00:00,0,44181534,,
Default,50,Outline 30 - Zac Davis.pdf,https://docs.google.com/document/d/16L76BHrStV297On7qkFAspCKaR1wQEi54GxDM--Iw6A/edit?tab=t.0#heading=h.rr6cliohpr5g,https://docs.google.com/,2025-10-29T04:44:45.478624+00:00,1144751,1144751,docs.google.com,
Default,52,Outline 8_ Zac Davis 9_5 (1).pdf,https://canvas.illinoisstate.edu/courses/40105/assignments/627238/submissions/34840,https://canvas.illinoisstate.edu/courses/40105/assignments/627238/submissions/34840?preview=1&rand=982991,2025-10-29T22:27:26.258834+00:00,1729829,1729829,canvas.illinoisstate.edu,
Default,53,Outline 32 - Zac Davis.pdf,https://docs.google.com/document/d/1UrRWlg18Mw5tYsGNtK21b0gdd01v8uIPRFq2eZa6l7A/edit?tab=t.0#heading=h.b77vxosazg3u,https://docs.google.com/,2025-11-03T03:32:25.974161+00:00,1013177,1013177,docs.google.com,
Default,54,Outline 33 - Zac Davis.pdf,https://docs.google.com/document/d/1ns8veRICP88AgUVWnJdqiKhWmnT6NUuiFxbtciNU7Ds/edit?tab=t.0,https://docs.google.com/,2025-11-05T05:59:31.725110+00:00,1011924,1011924,docs.google.com,
Default,55,Outline 35 - Zac Davis.pdf,https://docs.google.com/document/d/1XlRgKD0iBp8aWEyIEVnlMDPcw46nM6ttaMB9YbRMEKM/edit?tab=t.0#heading=h.s0qiv4bh0oh5,https://docs.google.com/,2025-11-10T04:32:34.186482+00:00,1616248,1616248,docs.google.com,
Default,56,Outline 36 - Zac Davis.pdf,https://docs.google.com/document/d/1wLBSPilf2UAYNmNM6GMa1yxoCUnOBgh2xRno7fcy1VI/edit?tab=t.0#heading=h.ii7eprpjc10o,https://docs.google.com/,2025-11-12T05:28:23.176580+00:00,1074157,1074157,docs.google.com,
Default,58,Outline 37 - Zac Davis.pdf,https://docs.google.com/document/d/1kEgym9HWMtDO4zA74xn01lgquHV-bXVyM3iRj8G3CsE/edit?tab=t.0,https://docs.google.com/,2025-11-14T05:13:39.255815+00:00,931287,931287,docs.google.com,
Default,59,Outline 38 - Zac Davis.pdf,https://docs.google.com/document/d/1Pgc4rjXszte02K_S35irtZfzbrVwXQ7NfhCb4ek3WiM/edit?tab=t.0#heading=h.j3yg6nqbxjzj,https://docs.google.com/,2025-11-17T01:59:36.283993+00:00,527915,527915,docs.google.com,
Default,60,Outline 39 - Zac Davis.pdf,https://docs.google.com/document/d/1gmVEjo4HioV7FACgBJ3ouJ7fP9PABGcoRhgd57cP5sc/edit?tab=t.0#heading=h.p5fgdbd0720c,https://docs.google.com/,2025-11-19T05:19:37.101467+00:00,915957,915957,docs.google.com,
Default,61,CHE 102 Exam 2 Study Guide F24.docx,https://canvas.illinoisstate.edu/courses/36855/files/5763170?module_item_id=1491125,https://canvas.illinoisstate.edu/courses/36855/files/5763170?module_item_id=1491125,2025-11-20T01:35:51.250776+00:00,524986,524986,canvas.illinoisstate.edu,
Default,62,Outline 40 - Zac Davis.pdf,https://docs.google.com/document/d/1M6ZA9imCjUYwyaeAH2NPtyolavyqynHg2Qv1MeaehmQ/edit?tab=t.0#heading=h.tjwcntu7lmj3,https://docs.google.com/,2025-11-21T05:20:33.638860+00:00,937352,937352,docs.google.com,
Default,63,CloudFlare LavaRand - Zac Davis & Bailey Noonan.pdf,https://docs.google.com/document/d/1dQUGGuLQbpCJIr45cCC34eswAB0yeKcTSg3ug5N-ioQ/edit?tab=t.0,https://docs.google.com/,2025-11-22T04:33:58.800317+00:00,144598,144598,docs.google.com,
Default,64,Phi 101 Exam 2 - Zac Davis.pdf,https://docs.google.com/document/d/18arl1Iddlcpl6Vpdva4x93yhBzhLZUlJnBIDJQRXb7A/edit?tab=t.0,https://docs.google.com/,2025-11-24T02:41:49.606682+00:00,90233,90233,docs.google.com,
Default,65,Cloudia.jpg,https://cpe.escaperoom.skillbuilder.aws/lab/b84454f5-d273-4c9d-b6ac-900a44f375bb/LAB/supportFile/887aa7de-0fda-47dc-95f6-a4db65a0a22c,https://cpe.escaperoom.skillbuilder.aws/,2025-11-25T06:49:02.377573+00:00,15266,15266,cpe.escaperoom.skillbuilder.aws,
Default,66,AWS Certified Cloud Practitioner.pdf,https://api.certmetrics.com/amazon/score-reports/5366252/3926064.pdf,https://cp.certmetrics.com/,2025-11-26T04:55:41.739757+00:00,30938,30938,api.certmetrics.com,
Default,67,Outline 41 - Zac Davis.pdf,https://docs.google.com/document/d/1-wy4AZCm0aeowzhj-7f7arpwo4bkyQCx32TVwZUGC1M/edit?tab=t.0#heading=h.iny5kwa3kpdp,https://docs.google.com/,2025-12-01T05:30:13.441031+00:00,862175,862175,docs.google.com,
Default,68,CloudFlare LavaRand - Zac Davis & Bailey Noonan (1).pdf,https://canvas.illinoisstate.edu/courses/38385/assignments/661241/submissions/34840,https://canvas.illinoisstate.edu/courses/38385/assignments/661241/submissions/34840?preview=1&rand=724332,2025-12-01T05:48:11.759374+00:00,144598,144598,canvas.illinoisstate.edu,
Default,69,CloudFlare LavaRand - Zac Davis & Bailey Noonan (2).pdf,https://canvas.illinoisstate.edu/courses/38385/assignments/661241/submissions/34840,https://canvas.illinoisstate.edu/courses/38385/assignments/661241/submissions/34840?preview=1&rand=724332,2025-12-01T05:50:37.131731+00:00,144598,144598,canvas.illinoisstate.edu,
Default,70,Outline 42 - Zac Davis.docx,https://docs.google.com/document/d/1aAweaLLuP5o49ifx04eEFASzcYRNmMeJ6Xym36tuMx8/edit?tab=t.0#heading=h.j7cgp3uy599d,https://docs.google.com/,2025-12-03T05:41:48.215690+00:00,1321343,1321343,docs.google.com,
Default,71,Outline 42 - Zac Davis.pdf,https://docs.google.com/document/d/1aAweaLLuP5o49ifx04eEFASzcYRNmMeJ6Xym36tuMx8/edit?tab=t.0#heading=h.j7cgp3uy599d,https://docs.google.com/,2025-12-03T05:41:52.974583+00:00,975059,975059,docs.google.com,
Default,72,schoolid.jpg,https://mail.google.com/mail/u/0/#inbox/KtbxLrjVlKzdkPcvdPQFdpVFHXSsNFmhpg,https://mail.google.com/,2025-12-04T01:47:41.595256+00:00,1964844,1964844,mail.google.com,
Default,73,schoolidfront.jpg,https://mail.google.com/mail/u/0/#inbox/KtbxLrjVlKzdkPcvdPQFdpVFHXSsNFmhpg,https://mail.google.com/,2025-12-04T01:47:52.263727+00:00,1676900,1676900,mail.google.com,
Default,74,github-recovery-codes.txt,https://github.com/settings/two_factor_authentication/setup/intro,https://github.com/settings/two_factor_authentication/setup/intro,2025-12-04T01:54:28.642116+00:00,206,206,github.com,
Profile 1,1,SpotifySetup.exe,https://www.spotify.com/us/download/windows/,https://www.spotify.com/,2025-05-29T01:38:26.281503+00:00,1453488,1453488,spotify.com,executable
Profile 1,2,DiscordSetup.exe,https://discord.com/download,https://discord.com/,2025-07-19T04:34:27.211256+00:00,120265144,120265144,discord.com,executable
Profile 1,3,Thunderstore Mod Manager - Installer.exe,https://www.overwolf.com/app/thunderstore-thunderstore_mod_manager?utm_source=x&utm_medium=cpc&utm_campaign=22456853400&utm_term=&utm_content=&utm_source=adwords&utm_campaign=22456853400&utm_term=&utm_content=&gsc=1&utm_medium=x_5652223&gad_source=1&gad_campaignid=22456857012&gbraid=0AAAAAo2wV3KOJQS4D_AFfVEbMwn3_Lsy8&gclid=CjwKCAjw4efDBhATEiwAaDBpbtHasiqLQP6XlQHLsb9qAQfiTfHuwrGyK533gFbpC2GGJ7bD0YSbWBoCQt8QAvD_BwE,https://www.overwolf.com/,2025-07-19T04:50:46.494079+00:00,2180048,2180048,overwolf.com,executable
Profile 1,4,RobloxPlayerInstaller.exe,https://www.roblox.com/home,,2025-08-19T02:05:09.836797+00:00,7958992,7958992,roblox.com,executable
Profile 1,5,FreeCAD_1.0.2-conda-Windows-x86_64-installer-1.exe,https://www.freecad.org/thankyou.php?url=https%3A%2F%2Fgithub.com%2FFreeCAD%2FFreeCAD%2Freleases%2Fdownload%2F1.0.2%2FFreeCAD_1.0.2-conda-Windows-x86_64-installer-1.exe&lang=en,https://www.freecad.org/thankyou.php?url=https%3A%2F%2Fgithub.com%2FFreeCAD%2FFreeCAD%2Freleases%2Fdownload%2F1.0.2%2FFreeCAD_1.0.2-conda-Windows-x86_64-installer-1.exe&lang=en,2025-09-04T05:18:55.847851+00:00,428219632,428219632,freecad.org,executable
Profile 1,6,Magsafe.3MF,https://www.dropbox.com/scl/fi/qil7eq7cult9fi14at9lw/Magsafe.3MF?rlkey=ois8esoysfo1jfzrf65yhchh0&e=2&st=f95siehj&dl=0,https://www.dropbox.com/,2025-09-04T05:22:47.960537+00:00,74020,74020,dropbox.com,
Profile 1,7,FreeCAD_1.0.2-conda-Windows-x86_64-installer-1 (1).exe,https://www.freecad.org/thankyou.php?url=https%3A%2F%2Fgithub.com%2FFreeCAD%2FFreeCAD%2Freleases%2Fdownload%2F1.0.2%2FFreeCAD_1.0.2-conda-Windows-x86_64-installer-1.exe&lang=en,https://www.freecad.org/thankyou.php?url=https%3A%2F%2Fgithub.com%2FFreeCAD%2FFreeCAD%2Freleases%2Fdownload%2F1.0.2%2FFreeCAD_1.0.2-conda-Windows-x86_64-installer-1.exe&lang=en,2025-09-05T04:08:51.332394+00:00,428219632,428219632,freecad.org,executable
Profile 1,8,Autosofted_Auto_Keyboard_Presser_1.9.exe,https://sourceforge.net/projects/autokeyboardpresser/files/Autosofted_Auto_Keyboard_Presser_1.9.exe/download,https://sourceforge.net/,2025-09-30T05:47:49.053099+00:00,1068032,1068032,sourceforge.net,executable
Profile 1,9,AutoHotkey_2.0.19_setup.exe,https://www.autohotkey.com/,https://www.autohotkey.com/,2025-09-30T06:09:17.487063+00:00,3032064,3032064,autohotkey.com,executable
Profile 1,10,python-3.13.7-amd64.exe,https://www.python.org/downloads/,https://www.python.org/downloads/,2025-09-30T06:14:20.758415+00:00,28808040,28808040,python.org,executable
