profile,type,window_index,tab_index,title,last_url,last_accessed_utc,entries_len,token_found,cookies_count,cookie_flags,suspicious_flags,host
rcj1pid8.default-release,cookie-only,,,,,,,,4,cookie_http_non_httponly:_ga;cookie_http_non_httponly:_ga_B9CY1C9VBC;cookie_http_non_httponly:_gat;cookie_http_non_httponly:_gid;cookie_insecure:_ga;cookie_insecure:_ga_B9CY1C9VBC;cookie_insecure:_gat;cookie_insecure:_gid,cookie_flags,mozilla.org
rcj1pid8.default-release,cookie-only,,,,,,,,8,cookie_http_non_httponly:OTZ,cookie_flags,accounts.google.com
rcj1pid8.default-release,cookie-only,,,,,,,,1,cookie_http_non_httponly:OTZ,cookie_flags,gds.google.com
rcj1pid8.default-release,cookie-only,,,,,,,,157,cookie_http_non_httponly:APISID;cookie_http_non_httponly:CONSISTENCY;cookie_http_non_httponly:PREF;cookie_http_non_httponly:SAPISID;cookie_http_non_httponly:SID;cookie_http_non_httponly:SIDCC;cookie_http_non_httponly:ST-100cdu0;cookie_http_non_httponly:ST-10hxqr0;cookie_http_non_httponly:ST-10tck46;cookie_http_non_httponly:ST-11p7kai;cookie_http_non_httponly:ST-12764g0;cookie_http_non_httponly:ST-12d515u;cookie_http_non_httponly:ST-12edatx;cookie_http_non_httponly:ST-12gmq65;cookie_http_non_httponly:ST-132891p;cookie_http_non_httponly:ST-132xnsd;cookie_http_non_httponly:ST-1484vo9;cookie_http_non_httponly:ST-14x2ma2;cookie_http_non_httponly:ST-1679m66;cookie_http_non_httponly:ST-16caqxl;cookie_http_non_httponly:ST-17j9s4q;cookie_http_non_httponly:ST-17s2xhr;cookie_http_non_httponly:ST-17svjj8;cookie_http_non_httponly:ST-183jmdn;cookie_http_non_httponly:ST-19ch7fr;cookie_http_non_httponly:ST-19w9d59;cookie_http_non_httponly:ST-1b;cookie_http_non_httponly:ST-1b61o6o;cookie_http_non_httponly:ST-1b8fd6c;cookie_http_non_httponly:ST-1dkl1oy;cookie_http_non_httponly:ST-1f73wzo;cookie_http_non_httponly:ST-1ftria6;cookie_http_non_httponly:ST-1fzg65j;cookie_http_non_httponly:ST-1giixkj;cookie_http_non_httponly:ST-1iscjii;cookie_http_non_httponly:ST-1isdk5e;cookie_http_non_httponly:ST-1ivbk0v;cookie_http_non_httponly:ST-1jto13g;cookie_http_non_httponly:ST-1jw3slp;cookie_http_non_httponly:ST-1k06sw0;cookie_http_non_httponly:ST-1k2z96z;cookie_http_non_httponly:ST-1kf3tpm;cookie_http_non_httponly:ST-1kff1w0;cookie_http_non_httponly:ST-1kjvd6g;cookie_http_non_httponly:ST-1kue5gp;cookie_http_non_httponly:ST-1kw66xo;cookie_http_non_httponly:ST-1l6tfa7;cookie_http_non_httponly:ST-1laaxha;cookie_http_non_httponly:ST-1lbhk5y;cookie_http_non_httponly:ST-1ley1nz;cookie_http_non_httponly:ST-1n3jrzx;cookie_http_non_httponly:ST-1nq5n9a;cookie_http_non_httponly:ST-1p8jge0;cookie_http_non_httponly:ST-1pcdl2e;cookie_http_non_httponly:ST-1pq0ajy;cookie_http_non_httponly:ST-1qlifgd;cookie_http_non_httponly:ST-1qzfhjk;cookie_http_non_httponly:ST-1r8ujy7;cookie_http_non_httponly:ST-1ruzml1;cookie_http_non_httponly:ST-1su19sr;cookie_http_non_httponly:ST-1sul51z;cookie_http_non_httponly:ST-1th808w;cookie_http_non_httponly:ST-1u46a9f;cookie_http_non_httponly:ST-1v26b1p;cookie_http_non_httponly:ST-1v73xp4;cookie_http_non_httponly:ST-1v7j27d;cookie_http_non_httponly:ST-1vjyfx5;cookie_http_non_httponly:ST-1vna2oh;cookie_http_non_httponly:ST-1wlzlyu;cookie_http_non_httponly:ST-1wxdkg8;cookie_http_non_httponly:ST-1x29qd6;cookie_http_non_httponly:ST-1x6ar99;cookie_http_non_httponly:ST-1yw4zu7;cookie_http_non_httponly:ST-1ywmnx9;cookie_http_non_httponly:ST-2ahby1;cookie_http_non_httponly:ST-3egrs5;cookie_http_non_httponly:ST-3itgq8;cookie_http_non_httponly:ST-3opvp5;cookie_http_non_httponly:ST-41lpau;cookie_http_non_httponly:ST-4cowf4;cookie_http_non_httponly:ST-668kv2;cookie_http_non_httponly:ST-6c3c6w;cookie_http_non_httponly:ST-70oeql;cookie_http_non_httponly:ST-74glsh;cookie_http_non_httponly:ST-7u7bnw;cookie_http_non_httponly:ST-816nsc;cookie_http_non_httponly:ST-8azc5i;cookie_http_non_httponly:ST-8fmxbh;cookie_http_non_httponly:ST-8k2wj3;cookie_http_non_httponly:ST-91c2iq;cookie_http_non_httponly:ST-9i447r;cookie_http_non_httponly:ST-9kyumg;cookie_http_non_httponly:ST-amrb2j;cookie_http_non_httponly:ST-b6v3kg;cookie_http_non_httponly:ST-da6exj;cookie_http_non_httponly:ST-ds2ons;cookie_http_non_httponly:ST-e029mh;cookie_http_non_httponly:ST-exkm6m;cookie_http_non_httponly:ST-fdaaxw;cookie_http_non_httponly:ST-g1h317;cookie_http_non_httponly:ST-gquzxd;cookie_http_non_httponly:ST-hcbf8d;cookie_http_non_httponly:ST-hibhud;cookie_http_non_httponly:ST-hmeb19;cookie_http_non_httponly:ST-hv1k6i;cookie_http_non_httponly:ST-i01xeh;cookie_http_non_httponly:ST-i3s553;cookie_http_non_httponly:ST-iaimeu;cookie_http_non_httponly:ST-ixj42j;cookie_http_non_httponly:ST-jsk0vi;cookie_http_non_httponly:ST-jz14;cookie_http_non_httponly:ST-kak76u;cookie_http_non_httponly:ST-l70nss;cookie_http_non_httponly:ST-m80fw0;cookie_http_non_httponly:ST-mvvd3y;cookie_http_non_httponly:ST-n9fkct;cookie_http_non_httponly:ST-oa4r9z;cookie_http_non_httponly:ST-oj9c0m;cookie_http_non_httponly:ST-p2cwky;cookie_http_non_httponly:ST-qazmdt;cookie_http_non_httponly:ST-rdoh1e;cookie_http_non_httponly:ST-rk6q76;cookie_http_non_httponly:ST-sfby7m;cookie_http_non_httponly:ST-suw5yu;cookie_http_non_httponly:ST-t64jbw;cookie_http_non_httponly:ST-tb8tq7;cookie_http_non_httponly:ST-tk9u7c;cookie_http_non_httponly:ST-tladcw;cookie_http_non_httponly:ST-u7tzk2;cookie_http_non_httponly:ST-unhoh2;cookie_http_non_httponly:ST-ur6ytl;cookie_http_non_httponly:ST-v3fq33;cookie_http_non_httponly:ST-w9mp78;cookie_http_non_httponly:ST-wj2mxg;cookie_http_non_httponly:ST-wjm08a;cookie_http_non_httponly:ST-x07mrm;cookie_http_non_httponly:ST-xuwub9;cookie_http_non_httponly:ST-yve142;cookie_http_non_httponly:ST-z0tkth;cookie_http_non_httponly:ST-z9gsqq;cookie_http_non_httponly:ST-z9km4i;cookie_http_non_httponly:__Secure-1PAPISID;cookie_http_non_httponly:__Secure-3PAPISID;cookie_insecure:APISID;cookie_insecure:HSID;cookie_insecure:SID;cookie_insecure:SIDCC;cookie_insecure:ST-100cdu0;cookie_insecure:ST-10hxqr0;cookie_insecure:ST-10tck46;cookie_insecure:ST-11p7kai;cookie_insecure:ST-12764g0;cookie_insecure:ST-12d515u;cookie_insecure:ST-12edatx;cookie_insecure:ST-12gmq65;cookie_insecure:ST-132891p;cookie_insecure:ST-132xnsd;cookie_insecure:ST-1484vo9;cookie_insecure:ST-14x2ma2;cookie_insecure:ST-1679m66;cookie_insecure:ST-16caqxl;cookie_insecure:ST-17j9s4q;cookie_insecure:ST-17s2xhr;cookie_insecure:ST-17svjj8;cookie_insecure:ST-183jmdn;cookie_insecure:ST-19ch7fr;cookie_insecure:ST-19w9d59;cookie_insecure:ST-1b;cookie_insecure:ST-1b61o6o;cookie_insecure:ST-1b8fd6c;cookie_insecure:ST-1dkl1oy;cookie_insecure:ST-1f73wzo;cookie_insecure:ST-1ftria6;cookie_insecure:ST-1fzg65j;cookie_insecure:ST-1giixkj;cookie_insecure:ST-1iscjii;cookie_insecure:ST-1isdk5e;cookie_insecure:ST-1ivbk0v;cookie_insecure:ST-1jto13g;cookie_insecure:ST-1jw3slp;cookie_insecure:ST-1k06sw0;cookie_insecure:ST-1k2z96z;cookie_insecure:ST-1kf3tpm;cookie_insecure:ST-1kff1w0;cookie_insecure:ST-1kjvd6g;cookie_insecure:ST-1kue5gp;cookie_insecure:ST-1kw66xo;cookie_insecure:ST-1l6tfa7;cookie_insecure:ST-1laaxha;cookie_insecure:ST-1lbhk5y;cookie_insecure:ST-1ley1nz;cookie_insecure:ST-1n3jrzx;cookie_insecure:ST-1nq5n9a;cookie_insecure:ST-1p8jge0;cookie_insecure:ST-1pcdl2e;cookie_insecure:ST-1pq0ajy;cookie_insecure:ST-1qlifgd;cookie_insecure:ST-1qzfhjk;cookie_insecure:ST-1r8ujy7;cookie_insecure:ST-1ruzml1;cookie_insecure:ST-1su19sr;cookie_insecure:ST-1sul51z;cookie_insecure:ST-1th808w;cookie_insecure:ST-1u46a9f;cookie_insecure:ST-1v26b1p;cookie_insecure:ST-1v73xp4;cookie_insecure:ST-1v7j27d;cookie_insecure:ST-1vjyfx5;cookie_insecure:ST-1vna2oh;cookie_insecure:ST-1wlzlyu;cookie_insecure:ST-1wxdkg8;cookie_insecure:ST-1x29qd6;cookie_insecure:ST-1x6ar99;cookie_insecure:ST-1yw4zu7;cookie_insecure:ST-1ywmnx9;cookie_insecure:ST-2ahby1;cookie_insecure:ST-3egrs5;cookie_insecure:ST-3itgq8;cookie_insecure:ST-3opvp5;cookie_insecure:ST-41lpau;cookie_insecure:ST-4cowf4;cookie_insecure:ST-668kv2;cookie_insecure:ST-6c3c6w;cookie_insecure:ST-70oeql;cookie_insecure:ST-74glsh;cookie_insecure:ST-7u7bnw;cookie_insecure:ST-816nsc;cookie_insecure:ST-8azc5i;cookie_insecure:ST-8fmxbh;cookie_insecure:ST-8k2wj3;cookie_insecure:ST-91c2iq;cookie_insecure:ST-9i447r;cookie_insecure:ST-9kyumg;cookie_insecure:ST-amrb2j;cookie_insecure:ST-b6v3kg;cookie_insecure:ST-da6exj;cookie_insecure:ST-ds2ons;cookie_insecure:ST-e029mh;cookie_insecure:ST-exkm6m;cookie_insecure:ST-fdaaxw;cookie_insecure:ST-g1h317;cookie_insecure:ST-gquzxd;cookie_insecure:ST-hcbf8d;cookie_insecure:ST-hibhud;cookie_insecure:ST-hmeb19;cookie_insecure:ST-hv1k6i;cookie_insecure:ST-i01xeh;cookie_insecure:ST-i3s553;cookie_insecure:ST-iaimeu;cookie_insecure:ST-ixj42j;cookie_insecure:ST-jsk0vi;cookie_insecure:ST-jz14;cookie_insecure:ST-kak76u;cookie_insecure:ST-l70nss;cookie_insecure:ST-m80fw0;cookie_insecure:ST-mvvd3y;cookie_insecure:ST-n9fkct;cookie_insecure:ST-oa4r9z;cookie_insecure:ST-oj9c0m;cookie_insecure:ST-p2cwky;cookie_insecure:ST-qazmdt;cookie_insecure:ST-rdoh1e;cookie_insecure:ST-rk6q76;cookie_insecure:ST-sfby7m;cookie_insecure:ST-suw5yu;cookie_insecure:ST-t64jbw;cookie_insecure:ST-tb8tq7;cookie_insecure:ST-tk9u7c;cookie_insecure:ST-tladcw;cookie_insecure:ST-u7tzk2;cookie_insecure:ST-unhoh2;cookie_insecure:ST-ur6ytl;cookie_insecure:ST-v3fq33;cookie_insecure:ST-w9mp78;cookie_insecure:ST-wj2mxg;cookie_insecure:ST-wjm08a;cookie_insecure:ST-x07mrm;cookie_insecure:ST-xuwub9;cookie_insecure:ST-yve142;cookie_insecure:ST-z0tkth;cookie_insecure:ST-z9gsqq;cookie_insecure:ST-z9km4i,cookie_flags,youtube.com
rcj1pid8.default-release,cookie-only,,,,,,,,1,,,sp.retailmenot.com
rcj1pid8.default-release,cookie-only,,,,,,,,8,cookie_http_non_httponly:w82S5kL1;cookie_http_non_httponly:wb_needs_send_install_event;cookie_http_non_httponly:wb_profile_id;cookie_insecure:w82S5kL1;cookie_insecure:wb_needs_send_install_event;cookie_insecure:wb_profile_id,cookie_flags,capitaloneshopping.com
rcj1pid8.default-release,cookie-only,,,,,,,,19,cookie_http_non_httponly:APISID;cookie_http_non_httponly:DV;cookie_http_non_httponly:SAPISID;cookie_http_non_httponly:SEARCH_SAMESITE;cookie_http_non_httponly:SID;cookie_http_non_httponly:SIDCC;cookie_http_non_httponly:__Secure-1PAPISID;cookie_http_non_httponly:__Secure-3PAPISID;cookie_insecure:APISID;cookie_insecure:DV;cookie_insecure:HSID;cookie_insecure:SEARCH_SAMESITE;cookie_insecure:SID;cookie_insecure:SIDCC,cookie_flags,google.com
rcj1pid8.default-release,cookie-only,,,,,,,,13,cookie_http_non_httponly:XSRF-TOKEN;cookie_http_non_httponly:_sp_id.519d;cookie_http_non_httponly:_sp_ses.519d;cookie_http_non_httponly:deviceFingerprint;cookie_http_non_httponly:session;cookie_http_non_httponly:sift;cookie_http_non_httponly:userQualifier;cookie_insecure:deviceFingerprint;cookie_insecure:session;cookie_insecure:sift;cookie_insecure:userQualifier,cookie_flags,retailmenot.com
rcj1pid8.default-release,cookie-only,,,,,,,,3,cookie_http_non_httponly:ak_bmsc;cookie_http_non_httponly:bm_sv;cookie_insecure:ak_bmsc,cookie_flags,virtualbox.org
rcj1pid8.default-release,cookie-only,,,,,,,,1,,,kali.org
rcj1pid8.default-release,cookie-only,,,,,,,,6,cookie_http_non_httponly:OptanonAlertBoxClosed;cookie_http_non_httponly:OptanonConsent;cookie_http_non_httponly:_b2;cookie_http_non_httponly:exp_bucket;cookie_http_non_httponly:exp_bucket_2;cookie_http_non_httponly:wikia_beacon_id;cookie_insecure:OptanonAlertBoxClosed;cookie_insecure:OptanonConsent;cookie_insecure:exp_bucket;cookie_insecure:exp_bucket_2,cookie_flags,fandom.com
rcj1pid8.default-release,cookie-only,,,,,,,,1,,,discord.gg
rcj1pid8.default-release,cookie-only,,,,,,,,4,,,discord.com
rcj1pid8.default-release,cookie-only,,,,,,,,1,,,discordapp.com
rcj1pid8.default-release,cookie-only,,,,,,,,3,cookie_http_non_httponly:st4-sid;cookie_insecure:st4-sid;cookie_insecure:stnetsid,cookie_flags,speedtest.net
rcj1pid8.default-release,cookie-only,,,,,,,,1,,,amuselabs.com
rcj1pid8.default-release,cookie-only,,,,,,,,2,cookie_insecure:GCLB,cookie_flags,puzzleme.amuselabs.com
rcj1pid8.default-release,cookie-only,,,,,,,,2,cookie_http_non_httponly:__stripe_mid;cookie_http_non_httponly:__stripe_sid,cookie_flags,rosswordpuzzles.com
rcj1pid8.default-release,cookie-only,,,,,,,,1,cookie_http_non_httponly:ab_participant;cookie_insecure:ab_participant,cookie_flags,ifixit.com
rcj1pid8.default-release,cookie-only,,,,,,,,2,cookie_http_non_httponly:leftPanelOpen;cookie_http_non_httponly:sitenoticeHidden;cookie_insecure:leftPanelOpen;cookie_insecure:sitenoticeHidden,cookie_flags,blox-fruits.fandom.com
rcj1pid8.default-release,cookie-only,,,,,,,,7,cookie_http_non_httponly:GHCC;cookie_http_non_httponly:_octo,cookie_flags,github.com
rcj1pid8.default-release,cookie-only,,,,,,,,4,cookie_http_non_httponly:1139389;cookie_http_non_httponly:guest;cookie_http_non_httponly:udsession;cookie_insecure:1139389;cookie_insecure:guest,cookie_flags,geeksforgeeks.org
rcj1pid8.default-release,cookie-only,,,,,,,,3,cookie_http_non_httponly:NetworkProbeLimit,cookie_flags,en.wikipedia.org
rcj1pid8.default-release,cookie-only,,,,,,,,2,,,wikipedia.org
rcj1pid8.default-release,cookie-only,,,,,,,,1,,,upload.wikimedia.org
rcj1pid8.default-release,cookie-only,,,,,,,,3,cookie_http_non_httponly:NetworkProbeLimit,cookie_flags,meta.wikimedia.org
rcj1pid8.default-release,cookie-only,,,,,,,,3,cookie_http_non_httponly:NetworkProbeLimit,cookie_flags,auth.wikimedia.org
rcj1pid8.default-release,cookie-only,,,,,,,,7,cookie_http_non_httponly:ajs_anonymous_id;cookie_http_non_httponly:ajs_user_id;cookie_http_non_httponly:intercom-device-id-awwxrc0h;cookie_http_non_httponly:intercom-id-awwxrc0h;cookie_http_non_httponly:intercom-session-awwxrc0h;cookie_insecure:ajs_anonymous_id;cookie_insecure:ajs_user_id;cookie_insecure:intercom-device-id-awwxrc0h;cookie_insecure:intercom-id-awwxrc0h;cookie_insecure:intercom-session-awwxrc0h,cookie_flags,hackthebox.com
rcj1pid8.default-release,cookie-only,,,,,,,,2,cookie_http_non_httponly:XSRF-TOKEN,cookie_flags,account.hackthebox.com
rcj1pid8.default-release,cookie-only,,,,,,,,2,cookie_http_non_httponly:XSRF-TOKEN,cookie_flags,labs.hackthebox.com
rcj1pid8.default-release,cookie-only,,,,,,,,7,cookie_http_non_httponly:builderSessionId;cookie_http_non_httponly:ccpa_enabled;cookie_http_non_httponly:cookieSettingsV2;cookie_http_non_httponly:country;cookie_http_non_httponly:gtm_consent;cookie_http_non_httponly:mp_d63e727b7647b63c44007c4c8876cb81_mixpanel;cookie_http_non_httponly:user-id;cookie_insecure:ccpa_enabled;cookie_insecure:cookieSettingsV2;cookie_insecure:country;cookie_insecure:gtm_consent;cookie_insecure:user-id,cookie_flags,gemini.com
rcj1pid8.default-release,cookie-only,,,,,,,,1,cookie_http_non_httponly:UnifiedLoggerSession;cookie_insecure:UnifiedLoggerSession,cookie_flags,roblox.com
rcj1pid8.default-release,cookie-only,,,,,,,,6,cookie_http_non_httponly:__wuid;cookie_http_non_httponly:_dd_s;cookie_insecure:_dd_s,cookie_flags,authenticator.cursor.sh
rcj1pid8.default-release,cookie-only,,,,,,,,1,,,cursor.sh
rcj1pid8.default-release,cookie-only,,,,,,,,2,cookie_insecure:GCLB,cookie_flags,cursor.com
rcj1pid8.default-release,cookie-only,,,,,,,,2,cookie_http_non_httponly:AWSALB;cookie_http_non_httponly:AWSALBCORS;cookie_insecure:AWSALB,cookie_flags,services.sheerid.com
rcj1pid8.default-release,cookie-only,,,,,,,,17,cookie_http_non_httponly:av-timezone;cookie_http_non_httponly:csm-hit;cookie_http_non_httponly:i18n-prefs;cookie_http_non_httponly:id_pk;cookie_http_non_httponly:id_pkel;cookie_http_non_httponly:lc-main;cookie_http_non_httponly:rxc;cookie_http_non_httponly:session-id;cookie_http_non_httponly:session-id-time;cookie_http_non_httponly:session-token;cookie_http_non_httponly:ubid-main;cookie_http_non_httponly:x-main;cookie_insecure:av-timezone;cookie_insecure:csm-hit;cookie_insecure:i18n-prefs;cookie_insecure:lc-main;cookie_insecure:rxc,cookie_flags,amazon.com
rcj1pid8.default-release,cookie-only,,,,,,,,8,cookie_http_non_httponly:av-timezone;cookie_http_non_httponly:csm-hit;cookie_http_non_httponly:i18n-prefs;cookie_http_non_httponly:lc-main-av;cookie_http_non_httponly:session-id;cookie_http_non_httponly:session-id-time;cookie_http_non_httponly:session-token;cookie_http_non_httponly:ubid-main-av;cookie_insecure:av-timezone;cookie_insecure:csm-hit;cookie_insecure:i18n-prefs,cookie_flags,primevideo.com
rcj1pid8.default-release,cookie-only,,,,,,,,11,cookie_http_non_httponly:AWSELB;cookie_http_non_httponly:AWSELBCORS;cookie_http_non_httponly:_tald;cookie_insecure:AWSELB;cookie_insecure:captcha,cookie_flags,epicgames.com
rcj1pid8.default-release,cookie-only,,,,,,,,7,,,unrealengine.com
rcj1pid8.default-release,cookie-only,,,,,,,,6,,,metahuman.com
rcj1pid8.default-release,cookie-only,,,,,,,,6,,,twinmotion.com
rcj1pid8.default-release,cookie-only,,,,,,,,6,,,fortnite.com
rcj1pid8.default-release,cookie-only,,,,,,,,1,,,static-assets-prod.epicgames.com
rcj1pid8.default-release,cookie-only,,,,,,,,1,,,hcaptcha.com
rcj1pid8.default-release,cookie-only,,,,,,,,1,cookie_http_non_httponly:hmt_id,cookie_flags,api.hcaptcha.com
rcj1pid8.default-release,cookie-only,,,,,,,,1,,,ecosec.on.epicgames.com
rcj1pid8.default-release,cookie-only,,,,,,,,1,cookie_http_non_httponly:OTZ,cookie_flags,ogs.google.com
rcj1pid8.default-release,cookie-only,,,,,,,,3,,,docs.google.com
rcj1pid8.default-release,cookie-only,,,,,,,,1,cookie_http_non_httponly:wikidot_token7;cookie_insecure:wikidot_token7,cookie_flags,alittleslow.wikidot.com
rcj1pid8.default-release,cookie-only,,,,,,,,7,cookie_http_non_httponly:ad-oo;cookie_http_non_httponly:csm-hit;cookie_http_non_httponly:gpc-cache;cookie_http_non_httponly:session-id;cookie_http_non_httponly:session-id-time;cookie_http_non_httponly:session-token;cookie_http_non_httponly:ubid-main;cookie_insecure:ad-oo;cookie_insecure:csm-hit;cookie_insecure:gpc-cache;cookie_insecure:session-id;cookie_insecure:session-id-time;cookie_insecure:session-token,cookie_flags,imdb.com
rcj1pid8.default-release,cookie-only,,,,,,,,2,cookie_http_non_httponly:csrf-token,cookie_flags,grammarly.com
rcj1pid8.default-release,cookie-only,,,,,,,,9,cookie_http_non_httponly:as_dc;cookie_http_non_httponly:itspod;cookie_http_non_httponly:mbox;cookie_http_non_httponly:s_fid;cookie_http_non_httponly:shld_bt_m;cookie_http_non_httponly:vrep;cookie_insecure:itspod;cookie_insecure:mbox;cookie_insecure:vrep,cookie_flags,apple.com
rcj1pid8.default-release,cookie-only,,,,,,,,8,cookie_http_non_httponly:itspod;cookie_http_non_httponly:itua;cookie_http_non_httponly:media-user-token;cookie_http_non_httponly:mut-refresh;cookie_http_non_httponly:pldfltcid;cookie_http_non_httponly:pltvcid;cookie_insecure:itua;cookie_insecure:pldfltcid;cookie_insecure:pltvcid,cookie_flags,tv.apple.com
rcj1pid8.default-release,cookie-only,,,,,,,,5,cookie_http_non_httponly:itua;cookie_http_non_httponly:media-user-token;cookie_http_non_httponly:mut-refresh;cookie_http_non_httponly:pldfltcid;cookie_http_non_httponly:pltvcid;cookie_insecure:itua;cookie_insecure:pldfltcid;cookie_insecure:pltvcid,cookie_flags,music.apple.com
rcj1pid8.default-release,cookie-only,,,,,,,,5,cookie_http_non_httponly:itua;cookie_http_non_httponly:media-user-token;cookie_http_non_httponly:mut-refresh;cookie_http_non_httponly:pldfltcid;cookie_http_non_httponly:pltvcid;cookie_insecure:itua;cookie_insecure:pldfltcid;cookie_insecure:pltvcid,cookie_flags,podcasts.apple.com
rcj1pid8.default-release,cookie-only,,,,,,,,5,cookie_http_non_httponly:itua;cookie_http_non_httponly:media-user-token;cookie_http_non_httponly:mut-refresh;cookie_http_non_httponly:pldfltcid;cookie_http_non_httponly:pltvcid;cookie_insecure:itua;cookie_insecure:pldfltcid;cookie_insecure:pltvcid,cookie_flags,apps.apple.com
rcj1pid8.default-release,cookie-only,,,,,,,,13,cookie_http_non_httponly:OneTrustWPCCPAGoogleOptOut;cookie_http_non_httponly:OptanonConsent;cookie_http_non_httponly:_HFID;cookie_http_non_httponly:_parsely_30;cookie_http_non_httponly:g_state;cookie_http_non_httponly:gpt_refdomain;cookie_http_non_httponly:hdm_cmp;cookie_http_non_httponly:hdm_privacy_disclosure;cookie_http_non_httponly:journey-last-action;cookie_http_non_httponly:journeyViews;cookie_http_non_httponly:mosb;cookie_http_non_httponly:optimizely-user-attributes;cookie_http_non_httponly:optimizely-user-id;cookie_insecure:OneTrustWPCCPAGoogleOptOut;cookie_insecure:OptanonConsent;cookie_insecure:_parsely_30;cookie_insecure:g_state;cookie_insecure:gpt_refdomain;cookie_insecure:hdm_cmp;cookie_insecure:hdm_privacy_disclosure;cookie_insecure:journey-last-action;cookie_insecure:journeyViews,cookie_flags,esquire.com
rcj1pid8.default-release,cookie-only,,,,,,,,3,cookie_http_non_httponly:OTZ,cookie_flags,myaccount.google.com
rcj1pid8.default-release,cookie-only,,,,,,,,1,cookie_http_non_httponly:OTZ,cookie_flags,payments.google.com
rcj1pid8.default-release,cookie-only,,,,,,,,9,cookie_http_non_httponly:AMCV_F207D74D549850760A4C98C6%40AdobeOrg;cookie_http_non_httponly:OptanonAlertBoxClosed;cookie_http_non_httponly:OptanonConsent;cookie_http_non_httponly:__NV_DD3Manual;cookie_http_non_httponly:bm_mi;cookie_http_non_httponly:bm_sv;cookie_http_non_httponly:mbox;cookie_http_non_httponly:nvweb_A;cookie_insecure:AMCV_F207D74D549850760A4C98C6%40AdobeOrg;cookie_insecure:OptanonAlertBoxClosed;cookie_insecure:OptanonConsent;cookie_insecure:ak_bmsc;cookie_insecure:mbox;cookie_insecure:nvweb_A,cookie_flags,nvidia.com
rcj1pid8.default-release,cookie-only,,,,,,,,7,cookie_http_non_httponly:OptanonConsent;cookie_http_non_httponly:flwssn;cookie_http_non_httponly:netflix-sans-normal-3-loaded;cookie_http_non_httponly:nfvdid;cookie_insecure:OptanonConsent;cookie_insecure:flwssn;cookie_insecure:netflix-sans-normal-3-loaded;cookie_insecure:nfvdid,cookie_flags,netflix.com
rcj1pid8.default-release,cookie-only,,,,,,,,1,cookie_http_non_httponly:OTZ,cookie_flags,consent.youtube.com
rcj1pid8.default-release,cookie-only,,,,,,,,1,cookie_http_non_httponly:_docs-events,cookie_flags,docs.github.com
rcj1pid8.default-release,cookie-only,,,,,,,,1,cookie_http_non_httponly:5,cookie_flags,duckduckgo.com
rcj1pid8.default-release,cookie-only,,,,,,,,1,,,paddle.com
rcj1pid8.default-release,cookie-only,,,,,,,,1,cookie_http_non_httponly:eyeo-seen-cookie-prompt;cookie_insecure:eyeo-seen-cookie-prompt,cookie_flags,adblockplus.org
rcj1pid8.default-release,cookie-only,,,,,,,,19,cookie_http_non_httponly:OnetrustActiveGroups;cookie_http_non_httponly:OptanonAlertBoxClosed;cookie_http_non_httponly:OptanonConsent;cookie_http_non_httponly:_zm_cms_guid;cookie_http_non_httponly:_zm_currency;cookie_http_non_httponly:_zm_fingerprint;cookie_http_non_httponly:_zm_lang;cookie_http_non_httponly:_zm_login_acctype;cookie_http_non_httponly:_zm_mtk_guid;cookie_http_non_httponly:_zm_tracking_guid;cookie_http_non_httponly:_zm_visitor_guid;cookie_http_non_httponly:optimizelySession;cookie_http_non_httponly:wULrMv6t;cookie_insecure:OptanonAlertBoxClosed;cookie_insecure:OptanonConsent;cookie_insecure:optimizelySession;cookie_insecure:wULrMv6t,cookie_flags,zoom.us
rcj1pid8.default-release,cookie-only,,,,,,,,1,cookie_http_non_httponly:wlidperf,cookie_flags,microsoftonline.com
rcj1pid8.default-release,cookie-only,,,,,,,,5,cookie_http_non_httponly:_sp_id.aec4;cookie_http_non_httponly:_sp_ses.aec4;cookie_http_non_httponly:ktlvDW7IG5ClOcxYTbmY;cookie_insecure:ktlvDW7IG5ClOcxYTbmY,cookie_flags,us02web.zoom.us
rcj1pid8.default-release,cookie-only,,,,,,,,3,cookie_http_non_httponly:_sp_id.73c3;cookie_http_non_httponly:_sp_ses.73c3,cookie_flags,illinoisstate.zoom.us
rcj1pid8.default-release,cookie-only,,,,,,,,7,cookie_http_non_httponly:MicrosoftApplicationsTelemetryDeviceId;cookie_http_non_httponly:ai_session;cookie_http_non_httponly:brcap,cookie_flags,login.microsoftonline.com
rcj1pid8.default-release,cookie-only,,,,,,,,2,cookie_http_non_httponly:ClientId,cookie_flags,outlook.office.com
rcj1pid8.default-release,cookie-only,,,,,,,,1,,,ivaws.com
rcj1pid8.default-release,cookie-only,,,,,,,,2,cookie_http_non_httponly:AWSALB;cookie_http_non_httponly:AWSALBCORS;cookie_insecure:AWSALB,cookie_flags,sirius.mwbsys.com
